{"stats":{"minecraft:dropped":{"minecraft:red_bed":7},"minecraft:picked_up":{"minecraft:feather":12,"minecraft:chicken":6,"minecraft:ladder":32,"biomesoplenty:goldenrod":4,"minecraft:leather":13,"minecraft:oak_log":42,"artifacts:superstitious_hat":1,"minecraft:dirt":1,"minecraft:lapis_lazuli":9,"minecraft:red_bed":10,"minecraft:dark_oak_pressure_plate":2,"minecraft:paper":1,"minecraft:lantern":23,"minecraft:item_frame":38,"minecraft:wheat_seeds":15,"minecraft:cobbled_deepslate":160,"minecraft:beef":13,"farmersdelight:straw":4,"camera:image":1,"minecraft:egg":1,"minecraft:dark_oak_door":2,"minecraft:scaffolding":17,"minecraft:raw_iron":2,"minecraft:porkchop":12,"artifacts:scarf_of_invisibility":1,"minecraft:light_blue_bed":1,"farmersdelight:ham":3,"artifacts:helium_flamingo":1,"minecraft:rotten_flesh":8,"minecraft:hay_block":10,"minecraft:warped_sign":1,"minecraft:mutton":6,"minecraft:white_wool":4,"minecraft:cobblestone":61},"minecraft:used":{"camera:image_frame":8,"farmersdelight:iron_knife":76,"minecraft:birch_planks":65,"minecraft:stone_pickaxe":169,"minecraft:oak_sign":1,"minecraft:blackstone":2,"minecraft:chest":1,"minecraft:wooden_pickaxe":59,"minecraft:warped_sign":1,"simpletomb:grave_key":1,"minecraft:dirt":1,"minecraft:white_carpet":22,"minecraft:red_bed":1,"artifacts:mimic_spawn_egg":3,"minecraft:shroomlight":35,"minecraft:apple":3,"minecraft:bread":35,"minecraft:polished_granite":17,"minecraft:light_blue_bed":2,"biomesoplenty:glowing_moss_carpet":22,"minecraft:item_frame":38,"minecraft:stone_axe":53,"minecraft:cooked_porkchop":1,"tombstone:gift":6,"minecraft:egg":1,"minecraft:cobbled_deepslate":13},"minecraft:broken":{"minecraft:wooden_pickaxe":1},"minecraft:killed_by":{"artifacts:mimic":2,"minecraft:zombie":1},"minecraft:mined":{"minecraft:scaffolding":17,"minecraft:red_bed":7,"biomesoplenty:bush":1,"minecraft:grass_block":1,"minecraft:tall_grass":5,"biomesoplenty:dune_grass":13,"biomesoplenty:goldenrod":4,"minecraft:hay_block":10,"minecraft:deepslate_lapis_ore":1,"minecraft:warped_wall_sign":1,"minecraft:grass":42,"biomesoplenty:sea_oats":2,"minecraft:oak_log":42,"minecraft:deepslate_iron_ore":2,"biomesoplenty:barley":66,"minecraft:stone":61,"minecraft:oak_leaves":4,"minecraft:deepslate":164},"minecraft:custom":{"minecraft:interact_with_furnace":9,"minecraft:mob_kills":33,"minecraft:interact_with_cartography_table":1,"minecraft:interact_with_crafting_table":9,"minecraft:open_barrel":3,"minecraft:leave_game":2,"minecraft:time_since_death":8037,"minecraft:sleep_in_bed":7,"minecraft:climb_one_cm":13289,"minecraft:time_since_rest":8067,"minecraft:sprint_one_cm":253159,"minecraft:damage_taken":2360,"minecraft:walk_one_cm":253723,"minecraft:drop":7,"minecraft:damage_dealt":5048,"minecraft:swim_one_cm":41905,"minecraft:fly_one_cm":346114,"minecraft:open_chest":66,"minecraft:crouch_one_cm":2364,"minecraft:play_time":147750,"tombstone:undead_killed":6,"minecraft:deaths":3,"minecraft:sneak_time":1591,"minecraft:walk_under_water_one_cm":4798,"minecraft:jump":1594,"minecraft:interact_with_blast_furnace":5,"minecraft:walk_on_water_one_cm":11297,"minecraft:interact_with_smoker":7,"minecraft:total_world_time":147750,"minecraft:fall_one_cm":44687},"minecraft:crafted":{"minecraft:cooked_beef":14,"minecraft:oak_planks":120,"farmersdelight:cooked_mutton_chops":4,"sophisticatedbackpacks:backpack":2,"minecraft:cooked_porkchop":18,"minecraft:cooked_chicken":6,"minecraft:wooden_pickaxe":1,"farmersdelight:smoked_ham":1,"minecraft:stone_axe":1,"minecraft:bread":30,"farmersdelight:beef_patty":13,"minecraft:cooked_mutton":8,"minecraft:air":0,"minecraft:charcoal":12,"minecraft:stick":96,"minecraft:iron_pickaxe":1,"minecraft:iron_ingot":4,"minecraft:stone_pickaxe":2,"minecraft:chest":1,"minecraft:stone_sword":1,"farmersdelight:cooked_bacon":3,"minecraft:wheat":90,"sophisticatedbackpacks:iron_backpack":1},"minecraft:killed":{"minecraft:pig":7,"minecraft:sheep":4,"minecraft:zombie":6,"minecraft:chicken":6,"artifacts:mimic":3,"minecraft:cow":7}},"DataVersion":2975}