{"stats":{"minecraft:dropped":{"minecraft:red_bed":7},"minecraft:picked_up":{"minecraft:feather":12,"minecraft:chicken":6,"minecraft:ladder":32,"biomesoplenty:goldenrod":2,"minecraft:leather":13,"minecraft:oak_log":40,"minecraft:dirt":1,"minecraft:lapis_lazuli":9,"minecraft:red_bed":10,"minecraft:dark_oak_pressure_plate":2,"minecraft:paper":1,"minecraft:lantern":23,"minecraft:item_frame":35,"minecraft:wheat_seeds":15,"minecraft:cobbled_deepslate":160,"minecraft:beef":13,"farmersdelight:straw":4,"minecraft:egg":1,"minecraft:dark_oak_door":2,"minecraft:scaffolding":17,"minecraft:raw_iron":2,"minecraft:porkchop":12,"minecraft:light_blue_bed":1,"farmersdelight:ham":3,"minecraft:rotten_flesh":2,"minecraft:hay_block":10,"minecraft:warped_sign":1,"minecraft:mutton":6,"minecraft:white_wool":4,"minecraft:cobblestone":61},"minecraft:used":{"camera:image_frame":8,"farmersdelight:iron_knife":76,"minecraft:birch_planks":65,"minecraft:stone_pickaxe":169,"minecraft:oak_sign":1,"minecraft:blackstone":2,"minecraft:chest":1,"minecraft:wooden_pickaxe":59,"minecraft:warped_sign":1,"minecraft:dirt":1,"minecraft:white_carpet":22,"minecraft:red_bed":1,"minecraft:shroomlight":35,"minecraft:bread":21,"minecraft:polished_granite":17,"minecraft:light_blue_bed":2,"biomesoplenty:glowing_moss_carpet":22,"minecraft:item_frame":35,"minecraft:stone_axe":17,"minecraft:egg":1,"minecraft:cobbled_deepslate":13},"minecraft:broken":{"minecraft:wooden_pickaxe":1},"minecraft:killed_by":{"minecraft:zombie":1},"minecraft:mined":{"minecraft:scaffolding":17,"minecraft:red_bed":7,"biomesoplenty:bush":1,"minecraft:grass_block":1,"minecraft:tall_grass":5,"biomesoplenty:dune_grass":13,"biomesoplenty:goldenrod":2,"minecraft:hay_block":10,"minecraft:deepslate_lapis_ore":1,"minecraft:warped_wall_sign":1,"minecraft:grass":42,"biomesoplenty:sea_oats":2,"minecraft:oak_log":40,"minecraft:deepslate_iron_ore":2,"biomesoplenty:barley":66,"minecraft:stone":61,"minecraft:oak_leaves":4,"minecraft:deepslate":164},"minecraft:custom":{"minecraft:mob_kills":26,"minecraft:interact_with_cartography_table":1,"minecraft:interact_with_crafting_table":5,"minecraft:open_barrel":3,"minecraft:leave_game":2,"minecraft:time_since_death":425,"minecraft:sleep_in_bed":6,"minecraft:climb_one_cm":13289,"minecraft:time_since_rest":466,"minecraft:sprint_one_cm":191631,"minecraft:damage_taken":900,"minecraft:walk_one_cm":205210,"minecraft:drop":7,"minecraft:damage_dealt":2466,"minecraft:swim_one_cm":14586,"minecraft:fly_one_cm":294671,"minecraft:open_chest":51,"minecraft:crouch_one_cm":2364,"minecraft:play_time":111750,"tombstone:undead_killed":2,"minecraft:deaths":1,"minecraft:sneak_time":1568,"minecraft:walk_under_water_one_cm":3297,"minecraft:jump":1305,"minecraft:walk_on_water_one_cm":9441,"minecraft:total_world_time":111750,"minecraft:fall_one_cm":35945},"minecraft:crafted":{"minecraft:oak_planks":112,"minecraft:wooden_pickaxe":1,"minecraft:stone_axe":1,"minecraft:stick":96,"minecraft:stone_pickaxe":2,"minecraft:stone_sword":1},"minecraft:killed":{"minecraft:pig":7,"minecraft:sheep":4,"minecraft:zombie":2,"minecraft:chicken":6,"minecraft:cow":7}},"DataVersion":2975}