{"stats":{"minecraft:dropped":{"artifacts:night_vision_goggles":1,"minecraft:red_bed":7},"minecraft:used":{"camera:image_frame":8,"farmersdelight:iron_knife":76,"minecraft:stone_sword":4,"minecraft:birch_planks":65,"minecraft:stone_pickaxe":351,"minecraft:oak_sign":1,"minecraft:blackstone":2,"minecraft:chest":1,"minecraft:wooden_pickaxe":59,"minecraft:warped_sign":1,"simpletomb:grave_key":2,"minecraft:dirt":1,"minecraft:white_carpet":22,"minecraft:crafting_table":1,"minecraft:red_bed":1,"artifacts:mimic_spawn_egg":3,"minecraft:shroomlight":35,"minecraft:apple":3,"minecraft:bread":39,"minecraft:iron_pickaxe":2,"minecraft:polished_granite":17,"minecraft:light_blue_bed":2,"biomesoplenty:glowing_moss_carpet":22,"minecraft:item_frame":38,"minecraft:stone_axe":65,"minecraft:cooked_porkchop":1,"tombstone:gift":6,"minecraft:egg":1,"minecraft:cobbled_deepslate":13},"minecraft:picked_up":{"minecraft:charcoal":2,"minecraft:crafting_table":2,"artifacts:night_vision_goggles":2,"minecraft:feather":12,"minecraft:chicken":6,"minecraft:ladder":32,"mekanism:raw_uranium":13,"biomesoplenty:goldenrod":4,"minecraft:leather":13,"minecraft:flint":13,"minecraft:chainmail_chestplate":1,"minecraft:tuff":13,"minecraft:oak_log":42,"artifacts:superstitious_hat":1,"minecraft:dirt":1,"minecraft:lapis_lazuli":14,"minecraft:red_bed":10,"minecraft:dark_oak_pressure_plate":2,"minecraft:paper":1,"minecraft:lantern":23,"minecraft:raw_copper":9,"minecraft:item_frame":38,"minecraft:bone":2,"minecraft:wheat_seeds":15,"minecraft:raw_gold":6,"minecraft:cobbled_deepslate":317,"minecraft:beef":13,"farmersdelight:straw":4,"minecraft:iron_pickaxe":1,"camera:image":1,"minecraft:egg":1,"minecraft:dark_oak_door":2,"minecraft:scaffolding":17,"minecraft:raw_iron":16,"minecraft:gravel":55,"minecraft:porkchop":12,"minecraft:golden_axe":1,"minecraft:trapped_chest":1,"artifacts:scarf_of_invisibility":1,"minecraft:light_blue_bed":1,"farmersdelight:ham":3,"artifacts:helium_flamingo":1,"minecraft:arrow":1,"minecraft:rotten_flesh":11,"minecraft:diamond":2,"minecraft:hay_block":10,"minecraft:warped_sign":1,"artifacts:panic_necklace":1,"minecraft:mutton":6,"minecraft:white_wool":4,"minecraft:cobblestone":61},"minecraft:killed_by":{"artifacts:mimic":2,"minecraft:zombie":1,"ars_nouveau:wilden_stalker":1},"minecraft:mined":{"minecraft:tuff":13,"minecraft:scaffolding":17,"minecraft:red_bed":7,"minecraft:deepslate_diamond_ore":2,"minecraft:crafting_table":1,"biomesoplenty:bush":1,"minecraft:grass_block":1,"minecraft:tall_grass":5,"biomesoplenty:dune_grass":13,"biomesoplenty:goldenrod":4,"minecraft:hay_block":10,"minecraft:iron_ore":5,"minecraft:cobbled_deepslate":2,"minecraft:deepslate_lapis_ore":2,"minecraft:warped_wall_sign":1,"minecraft:grass":42,"biomesoplenty:sea_oats":2,"minecraft:oak_log":42,"minecraft:deepslate_iron_ore":11,"biomesoplenty:barley":66,"mekanism:deepslate_uranium_ore":13,"minecraft:stone":61,"minecraft:oak_leaves":4,"minecraft:deepslate":303},"minecraft:broken":{"minecraft:stone_pickaxe":2,"minecraft:wooden_pickaxe":1},"minecraft:custom":{"minecraft:interact_with_furnace":9,"minecraft:mob_kills":35,"minecraft:interact_with_cartography_table":1,"minecraft:interact_with_crafting_table":10,"minecraft:open_barrel":8,"minecraft:leave_game":2,"minecraft:time_since_death":11508,"minecraft:sleep_in_bed":7,"minecraft:climb_one_cm":13305,"minecraft:time_since_rest":11536,"minecraft:sprint_one_cm":289430,"minecraft:damage_taken":2841,"minecraft:walk_one_cm":299737,"minecraft:trigger_trapped_chest":2,"minecraft:drop":8,"minecraft:damage_dealt":6055,"minecraft:swim_one_cm":51154,"minecraft:fly_one_cm":385926,"minecraft:open_chest":69,"minecraft:crouch_one_cm":3051,"minecraft:play_time":171750,"tombstone:undead_killed":7,"minecraft:deaths":4,"minecraft:sneak_time":2191,"minecraft:walk_under_water_one_cm":12186,"minecraft:jump":1810,"minecraft:interact_with_blast_furnace":5,"minecraft:walk_on_water_one_cm":11501,"minecraft:interact_with_smoker":7,"minecraft:total_world_time":171750,"minecraft:fall_one_cm":50187},"minecraft:crafted":{"minecraft:cooked_beef":14,"minecraft:oak_planks":120,"farmersdelight:cooked_mutton_chops":4,"sophisticatedbackpacks:backpack":2,"minecraft:cooked_porkchop":18,"minecraft:crafting_table":1,"minecraft:cooked_chicken":6,"minecraft:wooden_pickaxe":1,"farmersdelight:smoked_ham":1,"minecraft:stone_axe":1,"minecraft:bread":30,"farmersdelight:beef_patty":13,"minecraft:cooked_mutton":8,"minecraft:air":0,"minecraft:charcoal":12,"minecraft:stick":96,"minecraft:iron_pickaxe":1,"minecraft:iron_ingot":4,"minecraft:stone_pickaxe":3,"minecraft:chest":1,"minecraft:stone_sword":1,"farmersdelight:cooked_bacon":3,"minecraft:wheat":90,"sophisticatedbackpacks:iron_backpack":1},"minecraft:killed":{"minecraft:pig":7,"minecraft:sheep":4,"minecraft:skeleton":1,"minecraft:zombie":6,"minecraft:chicken":6,"artifacts:mimic":4,"minecraft:cow":7}},"DataVersion":2975}