{"stats":{"minecraft:dropped":{"minecraft:red_bed":7},"minecraft:used":{"minecraft:shroomlight":35,"farmersdelight:iron_knife":76,"camera:image_frame":8,"minecraft:birch_planks":65,"minecraft:bread":13,"minecraft:oak_sign":1,"minecraft:blackstone":2,"minecraft:chest":1,"minecraft:light_blue_bed":2,"minecraft:polished_granite":17,"minecraft:warped_sign":1,"biomesoplenty:glowing_moss_carpet":22,"minecraft:item_frame":35,"minecraft:white_carpet":22,"minecraft:red_bed":1},"minecraft:picked_up":{"minecraft:dark_oak_door":2,"minecraft:scaffolding":17,"minecraft:ladder":32,"minecraft:feather":12,"minecraft:chicken":6,"biomesoplenty:goldenrod":1,"minecraft:leather":13,"minecraft:porkchop":12,"minecraft:oak_log":25,"minecraft:paper":1,"farmersdelight:ham":3,"minecraft:light_blue_bed":1,"minecraft:dark_oak_pressure_plate":2,"minecraft:red_bed":10,"minecraft:lantern":23,"minecraft:item_frame":35,"minecraft:wheat_seeds":10,"minecraft:hay_block":10,"minecraft:beef":13,"farmersdelight:straw":4,"minecraft:warped_sign":1,"minecraft:mutton":6,"minecraft:white_wool":4,"minecraft:egg":1},"minecraft:mined":{"minecraft:hay_block":10,"minecraft:scaffolding":17,"minecraft:red_bed":7,"minecraft:warped_wall_sign":1,"biomesoplenty:sea_oats":2,"minecraft:grass":15,"biomesoplenty:bush":1,"minecraft:oak_log":25,"biomesoplenty:barley":6,"minecraft:tall_grass":2,"minecraft:oak_leaves":4,"biomesoplenty:dune_grass":13,"biomesoplenty:goldenrod":2},"minecraft:custom":{"minecraft:time_since_rest":9814,"minecraft:damage_taken":380,"minecraft:sprint_one_cm":154887,"minecraft:walk_one_cm":142412,"minecraft:mob_kills":25,"minecraft:drop":7,"minecraft:damage_dealt":2166,"minecraft:interact_with_crafting_table":1,"minecraft:swim_one_cm":10973,"minecraft:interact_with_cartography_table":1,"minecraft:fly_one_cm":256728,"minecraft:open_barrel":3,"minecraft:open_chest":43,"minecraft:crouch_one_cm":559,"minecraft:play_time":87750,"tombstone:undead_killed":1,"minecraft:sneak_time":1142,"minecraft:walk_under_water_one_cm":2886,"minecraft:jump":1009,"minecraft:leave_game":2,"minecraft:time_since_death":87750,"minecraft:walk_on_water_one_cm":5853,"minecraft:sleep_in_bed":5,"minecraft:climb_one_cm":2080,"minecraft:total_world_time":87750,"minecraft:fall_one_cm":28013},"minecraft:killed":{"minecraft:sheep":4,"minecraft:zombie":1,"minecraft:pig":7,"minecraft:chicken":6,"minecraft:cow":7}},"DataVersion":2975}