{"stats":{"minecraft:mined":{"minecraft:hay_block":10,"minecraft:scaffolding":17,"minecraft:red_bed":6,"biomesoplenty:sea_oats":2,"minecraft:grass":13,"biomesoplenty:bush":1,"minecraft:tall_grass":2,"minecraft:oak_leaves":1,"biomesoplenty:dune_grass":13},"minecraft:killed":{"minecraft:sheep":4,"minecraft:zombie":1,"minecraft:pig":7,"minecraft:chicken":6,"minecraft:cow":7},"minecraft:used":{"farmersdelight:iron_knife":76,"minecraft:bread":6},"minecraft:picked_up":{"minecraft:scaffolding":17,"minecraft:feather":12,"minecraft:chicken":6,"minecraft:leather":13,"minecraft:porkchop":12,"farmersdelight:ham":3,"minecraft:red_bed":9,"minecraft:lantern":11,"minecraft:wheat_seeds":2,"minecraft:hay_block":10,"minecraft:beef":13,"farmersdelight:straw":4,"minecraft:mutton":6,"minecraft:white_wool":4},"minecraft:dropped":{"minecraft:red_bed":7},"minecraft:custom":{"minecraft:time_since_rest":942,"minecraft:damage_taken":170,"minecraft:sprint_one_cm":80346,"minecraft:walk_one_cm":41777,"minecraft:mob_kills":25,"minecraft:drop":7,"minecraft:damage_dealt":2166,"minecraft:swim_one_cm":10185,"minecraft:interact_with_cartography_table":1,"minecraft:fly_one_cm":144826,"minecraft:open_barrel":3,"minecraft:open_chest":25,"minecraft:crouch_one_cm":3,"minecraft:play_time":23604,"tombstone:undead_killed":1,"minecraft:sneak_time":57,"minecraft:walk_under_water_one_cm":1239,"minecraft:jump":677,"minecraft:leave_game":1,"minecraft:walk_on_water_one_cm":4547,"minecraft:time_since_death":23604,"minecraft:sleep_in_bed":2,"minecraft:climb_one_cm":220,"minecraft:total_world_time":23604,"minecraft:fall_one_cm":19947}},"DataVersion":2975}