{"stats":{"minecraft:dropped":{"artifacts:night_vision_goggles":1,"minecraft:red_bed":7},"minecraft:used":{"camera:image_frame":8,"minecraft:stone_sword":53,"minecraft:oak_sign":1,"minecraft:chest":1,"minecraft:warped_sign":1,"simpletomb:grave_key":3,"minecraft:dirt":1,"minecraft:white_carpet":22,"artifacts:mimic_spawn_egg":3,"minecraft:shroomlight":35,"carryon:entity_item":4,"minecraft:light_blue_bed":2,"minecraft:item_frame":38,"tombstone:gift":6,"minecraft:egg":1,"minecraft:cobbled_deepslate":40,"farmersdelight:iron_knife":76,"minecraft:birch_planks":65,"minecraft:stone_pickaxe":383,"minecraft:blackstone":2,"minecraft:wooden_pickaxe":59,"minecraft:crafting_table":1,"minecraft:red_bed":1,"minecraft:diamond_pickaxe":1,"minecraft:apple":3,"minecraft:bread":45,"minecraft:iron_pickaxe":14,"minecraft:polished_granite":17,"tombstone:grave_key":1,"biomesoplenty:glowing_moss_carpet":22,"minecraft:stone_axe":76,"minecraft:cooked_porkchop":1},"minecraft:picked_up":{"minecraft:charcoal":2,"minecraft:crafting_table":2,"artifacts:night_vision_goggles":2,"minecraft:chicken":6,"minecraft:ladder":32,"mekanism:raw_uranium":13,"minecraft:dark_oak_pressure_plate":2,"minecraft:string":2,"minecraft:red_bed":10,"minecraft:raw_copper":9,"minecraft:item_frame":38,"minecraft:cracked_stone_bricks":1,"minecraft:cobbled_deepslate":323,"minecraft:beef":13,"farmersdelight:straw":4,"minecraft:iron_pickaxe":1,"minecraft:egg":1,"minecraft:dark_oak_door":2,"minecraft:raw_iron":44,"minecraft:jukebox":2,"minecraft:porkchop":12,"minecraft:golden_axe":1,"tombstone:grave_dust":2,"minecraft:light_blue_bed":1,"minecraft:arrow":10,"minecraft:rotten_flesh":11,"minecraft:hay_block":10,"minecraft:warped_sign":1,"artifacts:panic_necklace":1,"minecraft:cobblestone":61,"minecraft:mutton":6,"minecraft:white_wool":4,"minecraft:skeleton_skull":4,"minecraft:feather":12,"minecraft:andesite":1,"biomesoplenty:goldenrod":4,"minecraft:leather":13,"paraglider:spirit_orb":6,"minecraft:flint":13,"artifacts:superstitious_hat":1,"minecraft:tuff":13,"minecraft:oak_log":42,"minecraft:chainmail_chestplate":1,"minecraft:lapis_lazuli":14,"minecraft:dirt":1,"minecraft:paper":1,"minecraft:lantern":23,"minecraft:bone":15,"minecraft:stone_bricks":1,"minecraft:wheat_seeds":15,"minecraft:raw_gold":6,"camera:image":1,"minecraft:scaffolding":17,"minecraft:gravel":55,"farmersdelight:ham":3,"artifacts:scarf_of_invisibility":1,"minecraft:trapped_chest":1,"artifacts:helium_flamingo":1,"minecraft:bundle":1,"minecraft:diamond":3},"minecraft:broken":{"minecraft:wooden_pickaxe":1,"minecraft:stone_pickaxe":2},"minecraft:killed_by":{"ars_nouveau:wilden_stalker":1,"minecraft:skeleton":6,"artifacts:mimic":2,"minecraft:zombie":2},"minecraft:mined":{"minecraft:tuff":13,"minecraft:deepslate_diamond_ore":3,"biomesoplenty:bush":1,"minecraft:grass_block":1,"biomesoplenty:dune_grass":13,"minecraft:spawner":3,"minecraft:hay_block":10,"minecraft:iron_ore":15,"minecraft:cobbled_deepslate":2,"minecraft:andesite":1,"minecraft:deepslate_lapis_ore":2,"minecraft:warped_wall_sign":1,"biomesoplenty:sea_oats":2,"minecraft:deepslate_iron_ore":29,"biomesoplenty:barley":66,"minecraft:stone":61,"minecraft:scaffolding":17,"minecraft:red_bed":7,"minecraft:crafting_table":1,"minecraft:tall_grass":5,"biomesoplenty:goldenrod":4,"minecraft:skeleton_skull":4,"minecraft:jukebox":2,"minecraft:grass":42,"minecraft:oak_log":42,"mekanism:deepslate_uranium_ore":13,"minecraft:cracked_stone_bricks":1,"minecraft:stone_bricks":1,"minecraft:oak_leaves":4,"minecraft:deepslate":309},"minecraft:custom":{"minecraft:mob_kills":44,"minecraft:interact_with_crafting_table":10,"minecraft:open_barrel":19,"minecraft:damage_dealt_resisted":342,"minecraft:leave_game":2,"minecraft:time_since_death":584,"minecraft:climb_one_cm":13305,"minecraft:sprint_one_cm":318609,"minecraft:walk_one_cm":338461,"minecraft:drop":8,"minecraft:play_time":195750,"minecraft:deaths":11,"minecraft:sneak_time":4503,"minecraft:walk_under_water_one_cm":19871,"minecraft:jump":2041,"minecraft:interact_with_blast_furnace":5,"minecraft:walk_on_water_one_cm":14822,"minecraft:total_world_time":195750,"minecraft:interact_with_furnace":9,"minecraft:interact_with_cartography_table":1,"minecraft:sleep_in_bed":7,"minecraft:time_since_rest":620,"minecraft:damage_taken":4793,"minecraft:trigger_trapped_chest":2,"minecraft:damage_dealt":8425,"minecraft:swim_one_cm":72699,"minecraft:fly_one_cm":500888,"minecraft:open_chest":84,"minecraft:crouch_one_cm":4076,"tombstone:undead_killed":15,"minecraft:interact_with_smoker":7,"minecraft:fall_one_cm":57585},"minecraft:crafted":{"minecraft:oak_planks":120,"minecraft:cooked_chicken":6,"minecraft:cooked_mutton":8,"minecraft:stone_pickaxe":3,"minecraft:chest":1,"sophisticatedbackpacks:iron_backpack":1,"minecraft:wheat":90,"minecraft:cooked_beef":14,"farmersdelight:cooked_mutton_chops":4,"sophisticatedbackpacks:backpack":2,"minecraft:cooked_porkchop":18,"minecraft:crafting_table":1,"minecraft:wooden_pickaxe":1,"farmersdelight:smoked_ham":1,"minecraft:stone_axe":1,"minecraft:air":0,"minecraft:bread":30,"farmersdelight:beef_patty":13,"minecraft:charcoal":12,"minecraft:stick":96,"minecraft:iron_ingot":4,"minecraft:iron_pickaxe":1,"minecraft:stone_sword":1,"farmersdelight:cooked_bacon":3},"minecraft:killed":{"minecraft:spider":1,"minecraft:skeleton":9,"minecraft:chicken":6,"artifacts:mimic":4,"minecraft:pig":7,"minecraft:sheep":4,"minecraft:zombie":6,"minecraft:cow":7}},"DataVersion":2975}