{"stats":{"minecraft:mined":{"minecraft:hay_block":10,"minecraft:scaffolding":17,"minecraft:red_bed":6,"biomesoplenty:sea_oats":2,"minecraft:grass":13,"biomesoplenty:bush":1,"biomesoplenty:barley":2,"minecraft:tall_grass":2,"minecraft:oak_leaves":1,"biomesoplenty:dune_grass":13},"minecraft:killed":{"minecraft:sheep":4,"minecraft:zombie":1,"minecraft:pig":7,"minecraft:chicken":6,"minecraft:cow":7},"minecraft:used":{"farmersdelight:iron_knife":76,"minecraft:bread":9,"minecraft:oak_sign":1,"minecraft:chest":1,"minecraft:polished_granite":17,"minecraft:light_blue_bed":1},"minecraft:picked_up":{"minecraft:dark_oak_door":2,"minecraft:scaffolding":17,"minecraft:ladder":32,"minecraft:feather":12,"minecraft:chicken":6,"minecraft:leather":13,"minecraft:porkchop":12,"minecraft:light_blue_bed":1,"farmersdelight:ham":3,"minecraft:dark_oak_pressure_plate":2,"minecraft:red_bed":9,"minecraft:lantern":23,"minecraft:item_frame":28,"minecraft:wheat_seeds":10,"minecraft:hay_block":10,"minecraft:beef":13,"farmersdelight:straw":4,"minecraft:mutton":6,"minecraft:white_wool":4},"minecraft:dropped":{"minecraft:red_bed":7},"minecraft:custom":{"minecraft:time_since_rest":12942,"minecraft:damage_taken":170,"minecraft:sprint_one_cm":90816,"minecraft:walk_one_cm":51688,"minecraft:mob_kills":25,"minecraft:drop":7,"minecraft:damage_dealt":2166,"minecraft:swim_one_cm":10973,"minecraft:interact_with_cartography_table":1,"minecraft:fly_one_cm":196527,"minecraft:open_barrel":3,"minecraft:open_chest":28,"minecraft:crouch_one_cm":3,"minecraft:play_time":35604,"tombstone:undead_killed":1,"minecraft:sneak_time":389,"minecraft:walk_under_water_one_cm":2886,"minecraft:jump":717,"minecraft:leave_game":1,"minecraft:walk_on_water_one_cm":5013,"minecraft:time_since_death":35604,"minecraft:sleep_in_bed":2,"minecraft:climb_one_cm":2080,"minecraft:total_world_time":35604,"minecraft:fall_one_cm":19947}},"DataVersion":2975}