{"stats":{"minecraft:mined":{"biomesoplenty:sea_oats":2,"minecraft:grass":1,"biomesoplenty:bush":1,"minecraft:scaffolding":17,"minecraft:red_bed":6,"minecraft:hay_block":7,"minecraft:oak_leaves":1,"biomesoplenty:dune_grass":13},"minecraft:killed":{"minecraft:pig":1},"minecraft:used":{"farmersdelight:iron_knife":3,"minecraft:bread":3},"minecraft:picked_up":{"minecraft:scaffolding":17,"minecraft:hay_block":7,"minecraft:porkchop":1,"farmersdelight:ham":1,"minecraft:red_bed":6,"minecraft:lantern":11},"minecraft:custom":{"minecraft:time_since_rest":5530,"minecraft:open_chest":24,"minecraft:crouch_one_cm":3,"minecraft:play_time":14083,"minecraft:sprint_one_cm":36882,"minecraft:damage_taken":60,"minecraft:walk_one_cm":21305,"minecraft:sneak_time":57,"minecraft:walk_under_water_one_cm":384,"minecraft:mob_kills":1,"minecraft:jump":274,"minecraft:damage_dealt":100,"minecraft:leave_game":1,"minecraft:time_since_death":14083,"minecraft:walk_on_water_one_cm":3692,"minecraft:sleep_in_bed":1,"minecraft:climb_one_cm":220,"minecraft:total_world_time":14083,"minecraft:swim_one_cm":8145,"minecraft:interact_with_cartography_table":1,"minecraft:fall_one_cm":6223,"minecraft:fly_one_cm":51085,"minecraft:open_barrel":3}},"DataVersion":2975}