{"stats":{"minecraft:dropped":{"minecraft:red_bed":7},"minecraft:picked_up":{"minecraft:feather":12,"minecraft:chicken":6,"minecraft:ladder":32,"biomesoplenty:goldenrod":2,"minecraft:leather":13,"minecraft:oak_log":40,"minecraft:dirt":1,"minecraft:lapis_lazuli":9,"minecraft:red_bed":10,"minecraft:dark_oak_pressure_plate":2,"minecraft:paper":1,"minecraft:lantern":23,"minecraft:item_frame":35,"minecraft:wheat_seeds":15,"minecraft:cobbled_deepslate":160,"minecraft:beef":13,"farmersdelight:straw":4,"camera:image":1,"minecraft:egg":1,"minecraft:dark_oak_door":2,"minecraft:scaffolding":17,"minecraft:raw_iron":2,"minecraft:porkchop":12,"minecraft:light_blue_bed":1,"farmersdelight:ham":3,"minecraft:rotten_flesh":8,"minecraft:hay_block":10,"minecraft:warped_sign":1,"minecraft:mutton":6,"minecraft:white_wool":4,"minecraft:cobblestone":61},"minecraft:used":{"camera:image_frame":8,"farmersdelight:iron_knife":76,"minecraft:birch_planks":65,"minecraft:stone_pickaxe":169,"minecraft:oak_sign":1,"minecraft:blackstone":2,"minecraft:chest":1,"minecraft:wooden_pickaxe":59,"minecraft:warped_sign":1,"minecraft:dirt":1,"minecraft:white_carpet":22,"minecraft:red_bed":1,"minecraft:shroomlight":35,"minecraft:apple":3,"minecraft:bread":22,"minecraft:polished_granite":17,"minecraft:light_blue_bed":2,"biomesoplenty:glowing_moss_carpet":22,"minecraft:item_frame":35,"minecraft:stone_axe":27,"minecraft:cooked_porkchop":1,"tombstone:gift":4,"minecraft:egg":1,"minecraft:cobbled_deepslate":13},"minecraft:broken":{"minecraft:wooden_pickaxe":1},"minecraft:killed_by":{"minecraft:zombie":1},"minecraft:mined":{"minecraft:scaffolding":17,"minecraft:red_bed":7,"biomesoplenty:bush":1,"minecraft:grass_block":1,"minecraft:tall_grass":5,"biomesoplenty:dune_grass":13,"biomesoplenty:goldenrod":2,"minecraft:hay_block":10,"minecraft:deepslate_lapis_ore":1,"minecraft:warped_wall_sign":1,"minecraft:grass":42,"biomesoplenty:sea_oats":2,"minecraft:oak_log":40,"minecraft:deepslate_iron_ore":2,"biomesoplenty:barley":66,"minecraft:stone":61,"minecraft:oak_leaves":4,"minecraft:deepslate":164},"minecraft:custom":{"minecraft:interact_with_furnace":9,"minecraft:mob_kills":30,"minecraft:interact_with_cartography_table":1,"minecraft:interact_with_crafting_table":5,"minecraft:open_barrel":3,"minecraft:leave_game":2,"minecraft:time_since_death":12425,"minecraft:sleep_in_bed":6,"minecraft:climb_one_cm":13289,"minecraft:time_since_rest":12466,"minecraft:sprint_one_cm":213584,"minecraft:damage_taken":1190,"minecraft:walk_one_cm":219825,"minecraft:drop":7,"minecraft:damage_dealt":3248,"minecraft:swim_one_cm":14586,"minecraft:fly_one_cm":311808,"minecraft:open_chest":58,"minecraft:crouch_one_cm":2364,"minecraft:play_time":123750,"tombstone:undead_killed":6,"minecraft:deaths":1,"minecraft:sneak_time":1581,"minecraft:walk_under_water_one_cm":3297,"minecraft:jump":1401,"minecraft:interact_with_blast_furnace":5,"minecraft:walk_on_water_one_cm":9441,"minecraft:interact_with_smoker":7,"minecraft:total_world_time":123750,"minecraft:fall_one_cm":37715},"minecraft:crafted":{"minecraft:cooked_beef":14,"minecraft:oak_planks":112,"farmersdelight:cooked_mutton_chops":4,"minecraft:cooked_porkchop":18,"minecraft:cooked_chicken":6,"minecraft:wooden_pickaxe":1,"farmersdelight:smoked_ham":1,"minecraft:stone_axe":1,"farmersdelight:beef_patty":13,"minecraft:cooked_mutton":8,"minecraft:air":0,"minecraft:charcoal":12,"minecraft:stick":96,"minecraft:iron_ingot":4,"minecraft:stone_pickaxe":2,"minecraft:stone_sword":1,"farmersdelight:cooked_bacon":3},"minecraft:killed":{"minecraft:pig":7,"minecraft:sheep":4,"minecraft:zombie":6,"minecraft:chicken":6,"minecraft:cow":7}},"DataVersion":2975}