{"stats":{"minecraft:custom":{"minecraft:interact_with_furnace":16,"minecraft:mob_kills":26,"minecraft:interact_with_cartography_table":1,"minecraft:interact_with_crafting_table":13,"minecraft:open_barrel":2,"goblintraders:trade_with_goblin":72,"minecraft:leave_game":10,"minecraft:time_since_death":13499,"minecraft:sleep_in_bed":3,"minecraft:climb_one_cm":15354,"minecraft:time_since_rest":13645,"minecraft:sprint_one_cm":146534,"minecraft:damage_taken":821,"minecraft:walk_one_cm":150813,"minecraft:damage_blocked_by_shield":940,"minecraft:drop":20,"minecraft:damage_dealt":5297,"minecraft:talked_to_villager":1,"minecraft:swim_one_cm":6212,"minecraft:fly_one_cm":181529,"minecraft:open_chest":48,"minecraft:crouch_one_cm":3325,"minecraft:play_time":74005,"tombstone:undead_killed":15,"minecraft:deaths":2,"minecraft:sneak_time":1898,"minecraft:walk_under_water_one_cm":2169,"minecraft:jump":993,"minecraft:walk_on_water_one_cm":5454,"minecraft:total_world_time":74005,"minecraft:fall_one_cm":31053,"minecraft:horse_one_cm":49837},"minecraft:used":{"minecraft:oak_trapdoor":2,"minecraft:wheat_seeds":2,"minecraft:diorite":4,"minecraft:stone_pickaxe":113,"minecraft:shield":39,"minecraft:rotten_flesh":1,"simpletomb:grave_key":1,"minecraft:torch":29,"biomesoplenty:goldenrod":6,"minecraft:crafting_table":6,"minecraft:carrot":4,"minecraft:bread":9,"minecraft:iron_pickaxe":66,"easyhammers:wooden_log_cutter":11,"easyhammers:iron_hammer":184,"prefab:item_swift_blade_stone":64,"minecraft:stone_axe":31,"minecraft:cobblestone":6,"minecraft:furnace":1,"minecraft:andesite":3,"minecraft:bucket":1,"tombstone:gift":2,"minecraft:egg":1,"minecraft:potato":5},"minecraft:killed":{"minecraft:spider":4,"minecraft:skeleton":3,"minecraft:zombie":12,"artifacts:mimic":2,"minecraft:cow":5},"minecraft:dropped":{"minecraft:wheat_seeds":8,"minecraft:leather_helmet":1,"minecraft:leather_chestplate":1,"minecraft:dirt":5,"biomesoplenty:goldenrod":5,"minecraft:diorite":64,"minecraft:cornflower":1,"minecraft:andesite":27,"minecraft:leather_boots":1,"minecraft:leather_leggings":1,"minecraft:dandelion":1},"minecraft:crafted":{"paraglider:paraglider":1,"minecraft:wooden_sword":1,"minecraft:oak_planks":44,"easyhammers:iron_hammer":1,"minecraft:crafting_table":2,"minecraft:iron_helmet":1,"easyhammers:wooden_log_cutter":1,"minecraft:furnace":1,"minecraft:copper_ingot":60,"minecraft:air":0,"minecraft:oak_trapdoor":2,"minecraft:iron_boots":1,"minecraft:iron_chestplate":1,"minecraft:shield":1,"minecraft:stick":24,"minecraft:iron_ingot":110,"minecraft:iron_pickaxe":1,"minecraft:wooden_axe":2,"minecraft:iron_leggings":1,"minecraft:torch":8},"minecraft:mined":{"mekanism:osmium_ore":1,"minecraft:crafting_table":5,"minecraft:torch":2,"minecraft:ladder":2,"minecraft:granite":27,"minecraft:grass_block":6,"mekanism:tin_ore":18,"minecraft:copper_ore":5,"minecraft:cobblestone":3,"minecraft:lapis_ore":1,"minecraft:sugar_cane":3,"minecraft:diorite":7,"minecraft:wall_torch":1,"biomesoplenty:goldenrod":1,"minecraft:carrots":1,"minecraft:iron_ore":24,"minecraft:andesite":9,"minecraft:grass":5,"mekanism:lead_ore":9,"minecraft:oak_log":12,"minecraft:potatoes":1,"minecraft:coal_ore":29,"minecraft:deepslate_iron_ore":11,"minecraft:gravel":2,"minecraft:stone":200,"ae2:quartz_ore":10,"minecraft:oak_leaves":12,"minecraft:deepslate":6},"minecraft:picked_up":{"minecraft:charcoal":2,"minecraft:crafting_table":5,"artifacts:novelty_drinking_hat":1,"minecraft:ladder":2,"mekanism:raw_lead":13,"minecraft:andesite":36,"minecraft:leather":5,"biomesoplenty:goldenrod":38,"minecraft:potato":3,"minecraft:oak_log":15,"minecraft:raw_copper":63,"minecraft:string":2,"minecraft:lapis_lazuli":20,"minecraft:cornflower":1,"minecraft:paper":1,"minecraft:dirt":5,"minecraft:bone":5,"minecraft:wheat_seeds":10,"minecraft:cobbled_deepslate":6,"minecraft:beef":9,"minecraft:poppy":1,"minecraft:sugar_cane":5,"minecraft:egg":1,"minecraft:raw_iron":74,"minecraft:stick":2,"artifacts:charm_of_sinking":1,"minecraft:torch":4,"minecraft:dandelion":4,"minecraft:gravel":5,"tombstone:grave_dust":1,"minecraft:diorite":70,"minecraft:carrot":4,"mekanism:raw_osmium":3,"minecraft:spider_eye":1,"mekanism:raw_tin":38,"minecraft:arrow":2,"minecraft:rotten_flesh":5,"ae2:certus_quartz_dust":50,"evilcraft:dark_gem":18,"minecraft:granite":40,"tombstone:essence_of_undeath":1,"minecraft:coal":73,"minecraft:cobblestone":1049},"minecraft:killed_by":{"minecraft:spider":1,"minecraft:zombie":1}},"DataVersion":2975}