{"stats":{"minecraft:custom":{"minecraft:time_since_rest":11532,"minecraft:crouch_one_cm":1236,"minecraft:play_time":11532,"minecraft:sprint_one_cm":13285,"minecraft:damage_taken":90,"minecraft:walk_one_cm":6842,"minecraft:sneak_time":664,"minecraft:walk_under_water_one_cm":101,"minecraft:jump":117,"minecraft:damage_dealt":10,"minecraft:leave_game":7,"minecraft:time_since_death":11532,"minecraft:walk_on_water_one_cm":326,"minecraft:total_world_time":11532,"minecraft:swim_one_cm":564,"minecraft:interact_with_crafting_table":3,"minecraft:fall_one_cm":1941,"minecraft:fly_one_cm":25041},"minecraft:used":{"minecraft:crafting_table":2,"minecraft:egg":1,"easyhammers:wooden_log_cutter":8},"minecraft:picked_up":{"minecraft:crafting_table":2,"minecraft:stick":2,"minecraft:oak_log":15,"minecraft:sugar_cane":5,"minecraft:egg":1},"minecraft:crafted":{"minecraft:wooden_sword":1,"minecraft:oak_planks":16,"minecraft:crafting_table":1,"minecraft:stick":8,"easyhammers:wooden_log_cutter":1,"minecraft:wooden_axe":2},"minecraft:mined":{"minecraft:oak_log":12,"minecraft:sugar_cane":3,"minecraft:oak_leaves":12,"minecraft:crafting_table":2}},"DataVersion":2975}