{"stats":{"minecraft:custom":{"minecraft:time_since_rest":5056,"minecraft:play_time":5056,"minecraft:sprint_one_cm":8531,"minecraft:damage_taken":90,"minecraft:walk_one_cm":3393,"minecraft:walk_under_water_one_cm":101,"minecraft:jump":53,"minecraft:damage_dealt":10,"minecraft:time_since_death":5056,"minecraft:leave_game":6,"minecraft:walk_on_water_one_cm":326,"minecraft:total_world_time":5056,"minecraft:interact_with_crafting_table":2,"minecraft:swim_one_cm":564,"minecraft:fall_one_cm":836,"minecraft:fly_one_cm":9376},"minecraft:used":{"minecraft:crafting_table":2,"minecraft:egg":1},"minecraft:picked_up":{"minecraft:crafting_table":1,"minecraft:oak_log":5,"minecraft:sugar_cane":5,"minecraft:egg":1},"minecraft:crafted":{"minecraft:oak_planks":16,"minecraft:crafting_table":1,"minecraft:stick":8,"easyhammers:wooden_log_cutter":1,"minecraft:wooden_axe":2},"minecraft:mined":{"minecraft:oak_log":5,"minecraft:sugar_cane":3,"minecraft:oak_leaves":3,"minecraft:crafting_table":1}},"DataVersion":2975}