{"stats":{"minecraft:dropped":{"minecraft:wheat_seeds":7,"minecraft:dirt":5,"biomesoplenty:goldenrod":5,"minecraft:cornflower":1,"minecraft:dandelion":1},"minecraft:custom":{"minecraft:interact_with_furnace":4,"minecraft:mob_kills":11,"minecraft:interact_with_crafting_table":7,"minecraft:leave_game":9,"minecraft:time_since_death":384,"minecraft:sleep_in_bed":1,"minecraft:climb_one_cm":6242,"minecraft:time_since_rest":533,"minecraft:sprint_one_cm":57974,"minecraft:damage_taken":452,"minecraft:walk_one_cm":64439,"minecraft:damage_blocked_by_shield":290,"minecraft:drop":13,"minecraft:damage_dealt":2078,"minecraft:swim_one_cm":3292,"minecraft:fly_one_cm":60170,"minecraft:open_chest":25,"minecraft:deaths":1,"minecraft:crouch_one_cm":2870,"minecraft:play_time":33520,"tombstone:undead_killed":10,"minecraft:sneak_time":1573,"minecraft:walk_under_water_one_cm":1867,"minecraft:jump":378,"minecraft:walk_on_water_one_cm":3666,"minecraft:total_world_time":33520,"minecraft:fall_one_cm":8896},"minecraft:killed":{"minecraft:spider":1,"minecraft:skeleton":3,"minecraft:zombie":7},"minecraft:used":{"minecraft:wheat_seeds":2,"minecraft:oak_trapdoor":2,"minecraft:stone_pickaxe":110,"minecraft:shield":7,"minecraft:rotten_flesh":1,"minecraft:torch":20,"biomesoplenty:goldenrod":6,"minecraft:crafting_table":3,"minecraft:carrot":3,"minecraft:bread":5,"easyhammers:wooden_log_cutter":8,"prefab:item_swift_blade_stone":53,"minecraft:cobblestone":6,"minecraft:furnace":1,"minecraft:bucket":1,"minecraft:egg":1,"minecraft:potato":4},"minecraft:picked_up":{"minecraft:crafting_table":2,"minecraft:ladder":2,"mekanism:raw_lead":6,"biomesoplenty:goldenrod":38,"minecraft:oak_log":15,"minecraft:cornflower":1,"minecraft:dirt":5,"minecraft:bone":5,"minecraft:wheat_seeds":9,"minecraft:cobbled_deepslate":6,"minecraft:poppy":1,"minecraft:sugar_cane":5,"minecraft:egg":1,"minecraft:stick":2,"minecraft:raw_iron":16,"minecraft:torch":3,"minecraft:dandelion":4,"tombstone:grave_dust":1,"mekanism:raw_tin":9,"minecraft:arrow":2,"minecraft:rotten_flesh":4,"ae2:certus_quartz_dust":9,"minecraft:granite":11,"minecraft:coal":14,"minecraft:cobblestone":46},"minecraft:crafted":{"minecraft:wooden_sword":1,"minecraft:oak_planks":32,"minecraft:crafting_table":1,"easyhammers:wooden_log_cutter":1,"minecraft:furnace":1,"minecraft:air":0,"minecraft:oak_trapdoor":2,"minecraft:shield":1,"minecraft:stick":8,"minecraft:iron_ingot":2,"minecraft:wooden_axe":2},"minecraft:mined":{"minecraft:crafting_table":2,"minecraft:torch":1,"minecraft:ladder":2,"minecraft:granite":11,"minecraft:grass_block":6,"mekanism:tin_ore":9,"minecraft:cobblestone":3,"minecraft:sugar_cane":3,"minecraft:wall_torch":1,"biomesoplenty:goldenrod":1,"minecraft:iron_ore":5,"minecraft:grass":2,"minecraft:coal_ore":14,"minecraft:oak_log":12,"mekanism:lead_ore":6,"minecraft:deepslate_iron_ore":11,"minecraft:stone":43,"ae2:quartz_ore":2,"minecraft:oak_leaves":12,"minecraft:deepslate":6},"minecraft:killed_by":{"minecraft:zombie":1}},"DataVersion":2975}