{"stats":{"minecraft:custom":{"minecraft:interact_with_furnace":6,"minecraft:mob_kills":13,"minecraft:interact_with_crafting_table":7,"goblintraders:trade_with_goblin":12,"minecraft:leave_game":10,"minecraft:time_since_death":16869,"minecraft:sleep_in_bed":3,"minecraft:climb_one_cm":15354,"minecraft:time_since_rest":8954,"minecraft:sprint_one_cm":98638,"minecraft:damage_taken":535,"minecraft:walk_one_cm":90747,"minecraft:damage_blocked_by_shield":380,"minecraft:drop":13,"minecraft:damage_dealt":2477,"minecraft:swim_one_cm":4427,"minecraft:fly_one_cm":138221,"minecraft:open_chest":35,"minecraft:crouch_one_cm":2949,"minecraft:play_time":50005,"tombstone:undead_killed":12,"minecraft:deaths":1,"minecraft:sneak_time":1612,"minecraft:walk_under_water_one_cm":2087,"minecraft:jump":703,"minecraft:walk_on_water_one_cm":5243,"minecraft:total_world_time":50005,"minecraft:fall_one_cm":23248},"minecraft:used":{"minecraft:oak_trapdoor":2,"minecraft:wheat_seeds":2,"minecraft:stone_pickaxe":111,"minecraft:shield":10,"minecraft:rotten_flesh":1,"simpletomb:grave_key":1,"minecraft:torch":20,"biomesoplenty:goldenrod":6,"minecraft:crafting_table":3,"minecraft:carrot":4,"minecraft:bread":8,"easyhammers:wooden_log_cutter":8,"prefab:item_swift_blade_stone":59,"minecraft:stone_axe":2,"minecraft:cobblestone":6,"minecraft:furnace":1,"minecraft:bucket":1,"tombstone:gift":2,"minecraft:egg":1,"minecraft:potato":5},"minecraft:killed":{"minecraft:spider":1,"minecraft:skeleton":3,"minecraft:zombie":9},"minecraft:dropped":{"minecraft:wheat_seeds":7,"minecraft:dirt":5,"biomesoplenty:goldenrod":5,"minecraft:cornflower":1,"minecraft:dandelion":1},"minecraft:crafted":{"minecraft:wooden_sword":1,"minecraft:oak_planks":32,"minecraft:crafting_table":1,"easyhammers:wooden_log_cutter":1,"minecraft:furnace":1,"minecraft:air":0,"minecraft:oak_trapdoor":2,"minecraft:shield":1,"minecraft:stick":8,"minecraft:iron_ingot":28,"minecraft:wooden_axe":2},"minecraft:mined":{"minecraft:crafting_table":2,"minecraft:torch":1,"minecraft:ladder":2,"minecraft:granite":11,"minecraft:grass_block":6,"mekanism:tin_ore":9,"minecraft:cobblestone":3,"minecraft:sugar_cane":3,"minecraft:wall_torch":1,"biomesoplenty:goldenrod":1,"minecraft:carrots":1,"minecraft:iron_ore":5,"minecraft:grass":3,"mekanism:lead_ore":6,"minecraft:oak_log":12,"minecraft:potatoes":1,"minecraft:coal_ore":14,"minecraft:deepslate_iron_ore":11,"minecraft:stone":44,"ae2:quartz_ore":2,"minecraft:oak_leaves":12,"minecraft:deepslate":6},"minecraft:picked_up":{"minecraft:crafting_table":2,"minecraft:ladder":2,"mekanism:raw_lead":6,"biomesoplenty:goldenrod":38,"minecraft:potato":3,"minecraft:oak_log":15,"minecraft:cornflower":1,"minecraft:paper":1,"minecraft:dirt":5,"minecraft:bone":5,"minecraft:wheat_seeds":9,"minecraft:cobbled_deepslate":6,"minecraft:poppy":1,"minecraft:sugar_cane":5,"minecraft:egg":1,"minecraft:raw_iron":16,"minecraft:stick":2,"minecraft:torch":3,"minecraft:dandelion":4,"tombstone:grave_dust":1,"minecraft:carrot":4,"mekanism:raw_tin":9,"minecraft:arrow":2,"minecraft:rotten_flesh":4,"ae2:certus_quartz_dust":9,"minecraft:granite":11,"tombstone:essence_of_undeath":1,"minecraft:coal":14,"minecraft:cobblestone":47},"minecraft:killed_by":{"minecraft:zombie":1}},"DataVersion":2975}