{"stats":{"minecraft:custom":{"minecraft:interact_with_furnace":6,"minecraft:mob_kills":25,"minecraft:interact_with_crafting_table":9,"minecraft:open_barrel":1,"goblintraders:trade_with_goblin":12,"minecraft:leave_game":10,"minecraft:time_since_death":1499,"minecraft:sleep_in_bed":3,"minecraft:climb_one_cm":15354,"minecraft:time_since_rest":1645,"minecraft:sprint_one_cm":129189,"minecraft:damage_taken":746,"minecraft:walk_one_cm":115384,"minecraft:damage_blocked_by_shield":880,"minecraft:drop":14,"minecraft:damage_dealt":4657,"minecraft:talked_to_villager":1,"minecraft:swim_one_cm":6212,"minecraft:fly_one_cm":170021,"minecraft:open_chest":48,"minecraft:crouch_one_cm":3050,"minecraft:play_time":62005,"tombstone:undead_killed":15,"minecraft:deaths":2,"minecraft:sneak_time":1821,"minecraft:walk_under_water_one_cm":2169,"minecraft:jump":907,"minecraft:walk_on_water_one_cm":5454,"minecraft:total_world_time":62005,"minecraft:fall_one_cm":28109,"minecraft:horse_one_cm":49837},"minecraft:used":{"minecraft:oak_trapdoor":2,"minecraft:wheat_seeds":2,"minecraft:diorite":4,"minecraft:stone_pickaxe":113,"minecraft:shield":38,"minecraft:rotten_flesh":1,"simpletomb:grave_key":1,"minecraft:torch":26,"biomesoplenty:goldenrod":6,"minecraft:crafting_table":4,"minecraft:carrot":4,"minecraft:bread":9,"easyhammers:wooden_log_cutter":9,"easyhammers:iron_hammer":31,"prefab:item_swift_blade_stone":64,"minecraft:stone_axe":24,"minecraft:cobblestone":6,"minecraft:furnace":1,"minecraft:bucket":1,"tombstone:gift":2,"minecraft:egg":1,"minecraft:potato":5},"minecraft:killed":{"minecraft:spider":4,"minecraft:skeleton":3,"minecraft:zombie":12,"artifacts:mimic":1,"minecraft:cow":5},"minecraft:dropped":{"minecraft:wheat_seeds":8,"minecraft:dirt":5,"biomesoplenty:goldenrod":5,"minecraft:cornflower":1,"minecraft:dandelion":1},"minecraft:crafted":{"minecraft:wooden_sword":1,"minecraft:oak_planks":44,"easyhammers:iron_hammer":1,"minecraft:crafting_table":2,"easyhammers:wooden_log_cutter":1,"minecraft:furnace":1,"minecraft:air":0,"minecraft:oak_trapdoor":2,"minecraft:shield":1,"minecraft:stick":24,"minecraft:iron_ingot":28,"minecraft:wooden_axe":2,"minecraft:torch":8},"minecraft:mined":{"minecraft:crafting_table":3,"minecraft:torch":1,"minecraft:ladder":2,"minecraft:granite":11,"minecraft:grass_block":6,"mekanism:tin_ore":14,"minecraft:cobblestone":3,"minecraft:lapis_ore":1,"minecraft:sugar_cane":3,"minecraft:wall_torch":1,"biomesoplenty:goldenrod":1,"minecraft:carrots":1,"minecraft:iron_ore":12,"minecraft:grass":5,"mekanism:lead_ore":8,"minecraft:oak_log":12,"minecraft:potatoes":1,"minecraft:coal_ore":25,"minecraft:deepslate_iron_ore":11,"minecraft:stone":51,"ae2:quartz_ore":2,"minecraft:oak_leaves":12,"minecraft:deepslate":6},"minecraft:picked_up":{"minecraft:crafting_table":3,"minecraft:ladder":2,"mekanism:raw_lead":13,"minecraft:andesite":6,"minecraft:leather":5,"biomesoplenty:goldenrod":38,"minecraft:potato":3,"minecraft:oak_log":15,"minecraft:string":2,"minecraft:lapis_lazuli":20,"minecraft:cornflower":1,"minecraft:paper":1,"minecraft:dirt":5,"minecraft:bone":5,"minecraft:wheat_seeds":10,"minecraft:cobbled_deepslate":6,"minecraft:beef":9,"minecraft:poppy":1,"minecraft:sugar_cane":5,"minecraft:egg":1,"minecraft:raw_iron":35,"minecraft:stick":2,"artifacts:charm_of_sinking":1,"minecraft:torch":3,"minecraft:dandelion":4,"tombstone:grave_dust":1,"minecraft:diorite":6,"minecraft:carrot":4,"minecraft:spider_eye":1,"mekanism:raw_tin":16,"minecraft:arrow":2,"minecraft:rotten_flesh":5,"ae2:certus_quartz_dust":9,"minecraft:granite":11,"tombstone:essence_of_undeath":1,"minecraft:coal":56,"minecraft:cobblestone":163},"minecraft:killed_by":{"minecraft:spider":1,"minecraft:zombie":1}},"DataVersion":2975}