{"stats":{"minecraft:dropped":{"minecraft:dirt":5,"minecraft:wheat_seeds":7,"biomesoplenty:goldenrod":5,"minecraft:cornflower":1,"minecraft:dandelion":1},"minecraft:custom":{"minecraft:time_since_rest":23532,"minecraft:sprint_one_cm":39153,"minecraft:damage_taken":274,"minecraft:walk_one_cm":39622,"minecraft:mob_kills":4,"minecraft:drop":13,"minecraft:damage_dealt":621,"minecraft:interact_with_crafting_table":4,"minecraft:swim_one_cm":3292,"minecraft:fly_one_cm":45813,"minecraft:open_chest":17,"minecraft:crouch_one_cm":1407,"minecraft:play_time":23532,"tombstone:undead_killed":3,"minecraft:sneak_time":1004,"minecraft:walk_under_water_one_cm":1867,"minecraft:jump":237,"minecraft:leave_game":7,"minecraft:walk_on_water_one_cm":3666,"minecraft:time_since_death":23532,"minecraft:climb_one_cm":4222,"minecraft:total_world_time":23532,"minecraft:fall_one_cm":5670},"minecraft:used":{"minecraft:oak_trapdoor":1,"minecraft:wheat_seeds":2,"minecraft:bread":2,"minecraft:stone_pickaxe":75,"easyhammers:wooden_log_cutter":8,"minecraft:rotten_flesh":1,"minecraft:torch":10,"prefab:item_swift_blade_stone":17,"minecraft:cobblestone":1,"biomesoplenty:goldenrod":6,"minecraft:crafting_table":2,"minecraft:carrot":3,"minecraft:bucket":1,"minecraft:egg":1,"minecraft:potato":4},"minecraft:killed":{"minecraft:skeleton":1,"minecraft:zombie":2,"minecraft:spider":1},"minecraft:picked_up":{"minecraft:stick":2,"minecraft:crafting_table":2,"minecraft:ladder":1,"mekanism:raw_lead":6,"biomesoplenty:goldenrod":38,"minecraft:torch":2,"minecraft:dandelion":4,"minecraft:oak_log":15,"mekanism:raw_tin":9,"minecraft:cornflower":1,"minecraft:dirt":5,"minecraft:bone":2,"minecraft:rotten_flesh":2,"minecraft:wheat_seeds":9,"minecraft:granite":11,"minecraft:poppy":1,"minecraft:sugar_cane":5,"minecraft:coal":14,"minecraft:cobblestone":35,"minecraft:egg":1},"minecraft:crafted":{"minecraft:wooden_sword":1,"minecraft:oak_planks":24,"minecraft:crafting_table":1,"minecraft:stick":8,"easyhammers:wooden_log_cutter":1,"minecraft:wooden_axe":2,"minecraft:oak_trapdoor":2},"minecraft:mined":{"minecraft:crafting_table":2,"minecraft:ladder":1,"minecraft:granite":11,"minecraft:grass":2,"minecraft:coal_ore":14,"minecraft:grass_block":6,"minecraft:oak_log":12,"mekanism:lead_ore":6,"mekanism:tin_ore":9,"minecraft:cobblestone":2,"minecraft:stone":33,"minecraft:sugar_cane":3,"minecraft:oak_leaves":12,"minecraft:wall_torch":1,"biomesoplenty:goldenrod":1}},"DataVersion":2975}